{
    "gridSize": 31,
    "lineWidth": 1,
    "x": 26,
    "y": 26,
    "width": 873.1428571428571,
    "height": 764,
    "size": 5,
    "tyman": [
        {
            "id": "1",
            "x": 316,
            "y": 409,
            "w": 480,
            "h": 296
        },
        {
            "id": "2",
            "x": 792,
            "y": 414,
            "w": -368,
            "h": -398
        },
        {
            "id": "3",
            "x": 15,
            "y": 8,
            "w": 415,
            "h": 406
        }
    ],
    "scale": 0.45476190476190476,
    "version": 1
}